PLanID,InsuranceTypeID,CarrierName,CarrierID,PlanName,InsertStatement
1,3,Blue Cross Blue Shield,3,Blue Choice Preferred Bronze PPO 201,"INSERT INTO InsurancePlans (PlanID, InsuranceTypeID, CarrierName, CarrierID, PlanName) VALUES ('1', '3', 'Blue Cross Blue Shield', '3', 'Blue Choice Preferred Bronze PPO 201');"
2,3,Blue Cross Blue Shield,3,Blue Choice Preferred Bronze PPO 202,"INSERT INTO InsurancePlans (PlanID, InsuranceTypeID, CarrierName, CarrierID, PlanName) VALUES ('2', '3', 'Blue Cross Blue Shield', '3', 'Blue Choice Preferred Bronze PPO 202');"
3,1,Blue Cross Blue Shield,3,Blue Choice Preferred Bronze PPO 302,"INSERT INTO InsurancePlans (PlanID, InsuranceTypeID, CarrierName, CarrierID, PlanName) VALUES ('3', '1', 'Blue Cross Blue Shield', '3', 'Blue Choice Preferred Bronze PPO 302');"
4,1,Blue Cross Blue Shield,3,Blue Choice Preferred Bronze PPO 502,"INSERT INTO InsurancePlans (PlanID, InsuranceTypeID, CarrierName, CarrierID, PlanName) VALUES ('4', '1', 'Blue Cross Blue Shield', '3', 'Blue Choice Preferred Bronze PPO 502');"
5,3,Blue Cross Blue Shield,3,Blue Choice Preferred Bronze PPO 601,"INSERT INTO InsurancePlans (PlanID, InsuranceTypeID, CarrierName, CarrierID, PlanName) VALUES ('5', '3', 'Blue Cross Blue Shield', '3', 'Blue Choice Preferred Bronze PPO 601');"
6,1,Blue Cross Blue Shield,3,Blue Choice Preferred Bronze PPO 701,"INSERT INTO InsurancePlans (PlanID, InsuranceTypeID, CarrierName, CarrierID, PlanName) VALUES ('6', '1', 'Blue Cross Blue Shield', '3', 'Blue Choice Preferred Bronze PPO 701');"
7,1,Blue Cross Blue Shield,3,Blue Choice Preferred Bronze PPO 705,"INSERT INTO InsurancePlans (PlanID, InsuranceTypeID, CarrierName, CarrierID, PlanName) VALUES ('7', '1', 'Blue Cross Blue Shield', '3', 'Blue Choice Preferred Bronze PPO 705');"
8,1,Blue Cross Blue Shield,3,Blue Choice Preferred Bronze PPO 708,"INSERT INTO InsurancePlans (PlanID, InsuranceTypeID, CarrierName, CarrierID, PlanName) VALUES ('8', '1', 'Blue Cross Blue Shield', '3', 'Blue Choice Preferred Bronze PPO 708');"
9,1,Blue Cross Blue Shield,3,Blue Choice Preferred Gold PPO 204,"INSERT INTO InsurancePlans (PlanID, InsuranceTypeID, CarrierName, CarrierID, PlanName) VALUES ('9', '1', 'Blue Cross Blue Shield', '3', 'Blue Choice Preferred Gold PPO 204');"
10,1,Blue Cross Blue Shield,3,Blue Choice Preferred Gold PPO 707,"INSERT INTO InsurancePlans (PlanID, InsuranceTypeID, CarrierName, CarrierID, PlanName) VALUES ('10', '1', 'Blue Cross Blue Shield', '3', 'Blue Choice Preferred Gold PPO 707');"
11,1,Blue Cross Blue Shield,3,Blue Choice Preferred Silver PPO 203,"INSERT INTO InsurancePlans (PlanID, InsuranceTypeID, CarrierName, CarrierID, PlanName) VALUES ('11', '1', 'Blue Cross Blue Shield', '3', 'Blue Choice Preferred Silver PPO 203');"
12,1,Blue Cross Blue Shield,3,Blue Choice Preferred Silver PPO 303,"INSERT INTO InsurancePlans (PlanID, InsuranceTypeID, CarrierName, CarrierID, PlanName) VALUES ('12', '1', 'Blue Cross Blue Shield', '3', 'Blue Choice Preferred Silver PPO 303');"
13,1,Blue Cross Blue Shield,3,Blue Choice Preferred Silver PPO 706,"INSERT INTO InsurancePlans (PlanID, InsuranceTypeID, CarrierName, CarrierID, PlanName) VALUES ('13', '1', 'Blue Cross Blue Shield', '3', 'Blue Choice Preferred Silver PPO 706');"
14,1,Blue Cross Blue Shield,3,Blue Cross Blue Shield - Blue Advantage HMO,"INSERT INTO InsurancePlans (PlanID, InsuranceTypeID, CarrierName, CarrierID, PlanName) VALUES ('14', '1', 'Blue Cross Blue Shield', '3', 'Blue Cross Blue Shield - Blue Advantage HMO');"
15,1,Blue Cross Blue Shield,3,Blue Cross Blue Shield – Blue Advantage HMO,"INSERT INTO InsurancePlans (PlanID, InsuranceTypeID, CarrierName, CarrierID, PlanName) VALUES ('15', '1', 'Blue Cross Blue Shield', '3', 'Blue Cross Blue Shield – Blue Advantage HMO');"
16,1,Blue Cross Blue Shield,3,Blue Cross Blue Shield - Blue Advantage HMO (Patient must have a referral for services),"INSERT INTO InsurancePlans (PlanID, InsuranceTypeID, CarrierName, CarrierID, PlanName) VALUES ('16', '1', 'Blue Cross Blue Shield', '3', 'Blue Cross Blue Shield - Blue Advantage HMO (Patient must have a referral for services)');"
17,1,Blue Cross Blue Shield,3,Blue Cross Blue Shield - Blue Advantage HMO (Patients must have a referral for services),"INSERT INTO InsurancePlans (PlanID, InsuranceTypeID, CarrierName, CarrierID, PlanName) VALUES ('17', '1', 'Blue Cross Blue Shield', '3', 'Blue Cross Blue Shield - Blue Advantage HMO (Patients must have a referral for services)');"
18,1,Blue Cross Blue Shield,3,Blue Cross Blue Shield – Blue Choice Options,"INSERT INTO InsurancePlans (PlanID, InsuranceTypeID, CarrierName, CarrierID, PlanName) VALUES ('18', '1', 'Blue Cross Blue Shield', '3', 'Blue Cross Blue Shield – Blue Choice Options');"
19,1,Blue Cross Blue Shield,3,Blue Cross Blue Shield - Blue Choice Options (Tier 1),"INSERT INTO InsurancePlans (PlanID, InsuranceTypeID, CarrierName, CarrierID, PlanName) VALUES ('19', '1', 'Blue Cross Blue Shield', '3', 'Blue Cross Blue Shield - Blue Choice Options (Tier 1)');"
20,1,Blue Cross Blue Shield,3,Blue Cross Blue Shield - Blue Choice Options (Tier 1) (Patient must have a referral for services),"INSERT INTO InsurancePlans (PlanID, InsuranceTypeID, CarrierName, CarrierID, PlanName) VALUES ('20', '1', 'Blue Cross Blue Shield', '3', 'Blue Cross Blue Shield - Blue Choice Options (Tier 1) (Patient must have a referral for services)');"
21,1,Blue Cross Blue Shield,3,Blue Cross Blue Shield - Blue Choice Options (Tier 1) (Patients must have a referral for services),"INSERT INTO InsurancePlans (PlanID, InsuranceTypeID, CarrierName, CarrierID, PlanName) VALUES ('21', '1', 'Blue Cross Blue Shield', '3', 'Blue Cross Blue Shield - Blue Choice Options (Tier 1) (Patients must have a referral for services)');"
22,1,Blue Cross Blue Shield,3,Blue Cross Blue Shield - Blue Choice PPO,"INSERT INTO InsurancePlans (PlanID, InsuranceTypeID, CarrierName, CarrierID, PlanName) VALUES ('22', '1', 'Blue Cross Blue Shield', '3', 'Blue Cross Blue Shield - Blue Choice PPO');"
23,1,Blue Cross Blue Shield,3,Blue Cross Blue Shield - HMOI,"INSERT INTO InsurancePlans (PlanID, InsuranceTypeID, CarrierName, CarrierID, PlanName) VALUES ('23', '1', 'Blue Cross Blue Shield', '3', 'Blue Cross Blue Shield - HMOI');"
24,1,Blue Cross Blue Shield,3,Blue Cross Blue Shield - HMOI (Medical Group/IPA Information in Legend below),"INSERT INTO InsurancePlans (PlanID, InsuranceTypeID, CarrierName, CarrierID, PlanName) VALUES ('24', '1', 'Blue Cross Blue Shield', '3', 'Blue Cross Blue Shield - HMOI (Medical Group/IPA Information in Legend below)');"
25,1,Blue Cross Blue Shield,3,Blue Cross Blue Shield – HMOI (Medical Group/IPA Information in Legend below),"INSERT INTO InsurancePlans (PlanID, InsuranceTypeID, CarrierName, CarrierID, PlanName) VALUES ('25', '1', 'Blue Cross Blue Shield', '3', 'Blue Cross Blue Shield – HMOI (Medical Group/IPA Information in Legend below)');"
26,1,Blue Cross Blue Shield,3,Blue Cross Blue Shield – HMOI ,"INSERT INTO InsurancePlans (PlanID, InsuranceTypeID, CarrierName, CarrierID, PlanName) VALUES ('26', '1', 'Blue Cross Blue Shield', '3', 'Blue Cross Blue Shield – HMOI ');"
27,1,Blue Cross Blue Shield,3,Blue Cross Blue Shield - HMOI ,"INSERT INTO InsurancePlans (PlanID, InsuranceTypeID, CarrierName, CarrierID, PlanName) VALUES ('27', '1', 'Blue Cross Blue Shield', '3', 'Blue Cross Blue Shield - HMOI ');"
28,1,Blue Cross Blue Shield,3,Blue Cross Blue Shield - PPO,"INSERT INTO InsurancePlans (PlanID, InsuranceTypeID, CarrierName, CarrierID, PlanName) VALUES ('28', '1', 'Blue Cross Blue Shield', '3', 'Blue Cross Blue Shield - PPO');"
29,1,Blue Cross Blue Shield,3,Blue Cross Blue Shield – PPO,"INSERT INTO InsurancePlans (PlanID, InsuranceTypeID, CarrierName, CarrierID, PlanName) VALUES ('29', '1', 'Blue Cross Blue Shield', '3', 'Blue Cross Blue Shield – PPO');"
30,1,Blue Cross Blue Shield,3,Blue Precision Bronze HMO 205,"INSERT INTO InsurancePlans (PlanID, InsuranceTypeID, CarrierName, CarrierID, PlanName) VALUES ('30', '1', 'Blue Cross Blue Shield', '3', 'Blue Precision Bronze HMO 205');"
31,1,Blue Cross Blue Shield,3,Blue Precision Bronze HMO 701 - Rx Copays,"INSERT INTO InsurancePlans (PlanID, InsuranceTypeID, CarrierName, CarrierID, PlanName) VALUES ('31', '1', 'Blue Cross Blue Shield', '3', 'Blue Precision Bronze HMO 701 - Rx Copays');"
32,1,Blue Cross Blue Shield,3,Blue Precision Bronze HMO 708,"INSERT INTO InsurancePlans (PlanID, InsuranceTypeID, CarrierName, CarrierID, PlanName) VALUES ('32', '1', 'Blue Cross Blue Shield', '3', 'Blue Precision Bronze HMO 708');"
33,1,Blue Cross Blue Shield,3,Blue Precision Gold HMO 207,"INSERT INTO InsurancePlans (PlanID, InsuranceTypeID, CarrierName, CarrierID, PlanName) VALUES ('33', '1', 'Blue Cross Blue Shield', '3', 'Blue Precision Gold HMO 207');"
34,1,Blue Cross Blue Shield,3,Blue Precision Gold HMO 703 - Rx Copays,"INSERT INTO InsurancePlans (PlanID, InsuranceTypeID, CarrierName, CarrierID, PlanName) VALUES ('34', '1', 'Blue Cross Blue Shield', '3', 'Blue Precision Gold HMO 703 - Rx Copays');"
35,1,Blue Cross Blue Shield,3,Blue Precision Gold HMO 707,"INSERT INTO InsurancePlans (PlanID, InsuranceTypeID, CarrierName, CarrierID, PlanName) VALUES ('35', '1', 'Blue Cross Blue Shield', '3', 'Blue Precision Gold HMO 707');"
36,1,Blue Cross Blue Shield,3,Blue Precision Silver HMO 206,"INSERT INTO InsurancePlans (PlanID, InsuranceTypeID, CarrierName, CarrierID, PlanName) VALUES ('36', '1', 'Blue Cross Blue Shield', '3', 'Blue Precision Silver HMO 206');"
37,1,Blue Cross Blue Shield,3,Blue Precision Silver HMO 306,"INSERT INTO InsurancePlans (PlanID, InsuranceTypeID, CarrierName, CarrierID, PlanName) VALUES ('37', '1', 'Blue Cross Blue Shield', '3', 'Blue Precision Silver HMO 306');"
38,1,Blue Cross Blue Shield,3,Blue Precision Silver HMO 704 - Rx Copays,"INSERT INTO InsurancePlans (PlanID, InsuranceTypeID, CarrierName, CarrierID, PlanName) VALUES ('38', '1', 'Blue Cross Blue Shield', '3', 'Blue Precision Silver HMO 704 - Rx Copays');"
39,1,Blue Cross Blue Shield,3,Blue Precision Silver HMO 706,"INSERT INTO InsurancePlans (PlanID, InsuranceTypeID, CarrierName, CarrierID, PlanName) VALUES ('39', '1', 'Blue Cross Blue Shield', '3', 'Blue Precision Silver HMO 706');"
40,1,Blue Cross Blue Shield,3,Blue Choice Preferred Bronze PPO  201,"INSERT INTO InsurancePlans (PlanID, InsuranceTypeID, CarrierName, CarrierID, PlanName) VALUES ('40', '1', 'Blue Cross Blue Shield', '3', 'Blue Choice Preferred Bronze PPO  201');"
41,1,Blue Cross Blue Shield,3,Blue Choice Preferred Bronze PPO  202,"INSERT INTO InsurancePlans (PlanID, InsuranceTypeID, CarrierName, CarrierID, PlanName) VALUES ('41', '1', 'Blue Cross Blue Shield', '3', 'Blue Choice Preferred Bronze PPO  202');"
42,1,Blue Cross Blue Shield,3,Blue Choice Preferred Bronze PPO  601 - Rx Copays,"INSERT INTO InsurancePlans (PlanID, InsuranceTypeID, CarrierName, CarrierID, PlanName) VALUES ('42', '1', 'Blue Cross Blue Shield', '3', 'Blue Choice Preferred Bronze PPO  601 - Rx Copays');"
43,1,Blue Cross Blue Shield,3,Blue Choice Preferred Bronze PPO  701 - Rx Copays,"INSERT INTO InsurancePlans (PlanID, InsuranceTypeID, CarrierName, CarrierID, PlanName) VALUES ('43', '1', 'Blue Cross Blue Shield', '3', 'Blue Choice Preferred Bronze PPO  701 - Rx Copays');"
44,1,Blue Cross Blue Shield,3,Blue Choice Preferred Bronze PPO  708,"INSERT INTO InsurancePlans (PlanID, InsuranceTypeID, CarrierName, CarrierID, PlanName) VALUES ('44', '1', 'Blue Cross Blue Shield', '3', 'Blue Choice Preferred Bronze PPO  708');"
45,1,Blue Cross Blue Shield,3,Blue Choice Preferred Gold PPO  204 - Rx Copays,"INSERT INTO InsurancePlans (PlanID, InsuranceTypeID, CarrierName, CarrierID, PlanName) VALUES ('45', '1', 'Blue Cross Blue Shield', '3', 'Blue Choice Preferred Gold PPO  204 - Rx Copays');"
46,1,Blue Cross Blue Shield,3,Blue Choice Preferred Gold PPO  707,"INSERT INTO InsurancePlans (PlanID, InsuranceTypeID, CarrierName, CarrierID, PlanName) VALUES ('46', '1', 'Blue Cross Blue Shield', '3', 'Blue Choice Preferred Gold PPO  707');"
47,1,Blue Cross Blue Shield,3,Blue Choice Preferred Silver PPO  203,"INSERT INTO InsurancePlans (PlanID, InsuranceTypeID, CarrierName, CarrierID, PlanName) VALUES ('47', '1', 'Blue Cross Blue Shield', '3', 'Blue Choice Preferred Silver PPO  203');"
48,1,Blue Cross Blue Shield,3,Blue Choice Preferred Silver PPO  303,"INSERT INTO InsurancePlans (PlanID, InsuranceTypeID, CarrierName, CarrierID, PlanName) VALUES ('48', '1', 'Blue Cross Blue Shield', '3', 'Blue Choice Preferred Silver PPO  303');"
49,1,Blue Cross Blue Shield,3,Blue Choice Preferred Silver PPO  706,"INSERT INTO InsurancePlans (PlanID, InsuranceTypeID, CarrierName, CarrierID, PlanName) VALUES ('49', '1', 'Blue Cross Blue Shield', '3', 'Blue Choice Preferred Silver PPO  706');"
50,1,Blue Cross Blue Shield,3,Blue Choice Preferred Silver PPO  801 - Rx Copays,"INSERT INTO InsurancePlans (PlanID, InsuranceTypeID, CarrierName, CarrierID, PlanName) VALUES ('50', '1', 'Blue Cross Blue Shield', '3', 'Blue Choice Preferred Silver PPO  801 - Rx Copays');"
51,1,Aetna,1,Aetna - HMO,"INSERT INTO InsurancePlans (PlanID, InsuranceTypeID, CarrierName, CarrierID, PlanName) VALUES ('51', '1', 'Aetna', '1', 'Aetna - HMO');"
52,1,Aetna,1,Aetna – HMO,"INSERT INTO InsurancePlans (PlanID, InsuranceTypeID, CarrierName, CarrierID, PlanName) VALUES ('52', '1', 'Aetna', '1', 'Aetna – HMO');"
53,1,Aetna,1,Aetna - Open Access HMO,"INSERT INTO InsurancePlans (PlanID, InsuranceTypeID, CarrierName, CarrierID, PlanName) VALUES ('53', '1', 'Aetna', '1', 'Aetna - Open Access HMO');"
54,1,Aetna,1,Aetna – Open Access HMO,"INSERT INTO InsurancePlans (PlanID, InsuranceTypeID, CarrierName, CarrierID, PlanName) VALUES ('54', '1', 'Aetna', '1', 'Aetna – Open Access HMO');"
55,1,Aetna,1,Aetna - PPO,"INSERT INTO InsurancePlans (PlanID, InsuranceTypeID, CarrierName, CarrierID, PlanName) VALUES ('55', '1', 'Aetna', '1', 'Aetna - PPO');"
56,1,Aetna,1,Aetna – PPO,"INSERT INTO InsurancePlans (PlanID, InsuranceTypeID, CarrierName, CarrierID, PlanName) VALUES ('56', '1', 'Aetna', '1', 'Aetna – PPO');"
57,1,Aetna,1,Aetna Choice POS,"INSERT INTO InsurancePlans (PlanID, InsuranceTypeID, CarrierName, CarrierID, PlanName) VALUES ('57', '1', 'Aetna', '1', 'Aetna Choice POS');"
58,1,Aetna,1,Aetna Choice POS II,"INSERT INTO InsurancePlans (PlanID, InsuranceTypeID, CarrierName, CarrierID, PlanName) VALUES ('58', '1', 'Aetna', '1', 'Aetna Choice POS II');"
59,1,Aetna,1,Aetna Elect Choice,"INSERT INTO InsurancePlans (PlanID, InsuranceTypeID, CarrierName, CarrierID, PlanName) VALUES ('59', '1', 'Aetna', '1', 'Aetna Elect Choice');"
60,1,Aetna,1,Aetna EPO,"INSERT INTO InsurancePlans (PlanID, InsuranceTypeID, CarrierName, CarrierID, PlanName) VALUES ('60', '1', 'Aetna', '1', 'Aetna EPO');"
61,1,Aetna,1,Aetna Health Network Only,"INSERT INTO InsurancePlans (PlanID, InsuranceTypeID, CarrierName, CarrierID, PlanName) VALUES ('61', '1', 'Aetna', '1', 'Aetna Health Network Only');"
62,1,Aetna,1,Aetna Health Network Option,"INSERT INTO InsurancePlans (PlanID, InsuranceTypeID, CarrierName, CarrierID, PlanName) VALUES ('62', '1', 'Aetna', '1', 'Aetna Health Network Option');"
63,1,Aetna,1,Aetna HMO,"INSERT INTO InsurancePlans (PlanID, InsuranceTypeID, CarrierName, CarrierID, PlanName) VALUES ('63', '1', 'Aetna', '1', 'Aetna HMO');"
64,1,Aetna,1,Aetna Illinois Preferred Plan,"INSERT INTO InsurancePlans (PlanID, InsuranceTypeID, CarrierName, CarrierID, PlanName) VALUES ('64', '1', 'Aetna', '1', 'Aetna Illinois Preferred Plan');"
65,1,Aetna,1,Aetna Managed Choice POS,"INSERT INTO InsurancePlans (PlanID, InsuranceTypeID, CarrierName, CarrierID, PlanName) VALUES ('65', '1', 'Aetna', '1', 'Aetna Managed Choice POS');"
66,1,Aetna,1,Aetna Managed Choice POS>,"INSERT INTO InsurancePlans (PlanID, InsuranceTypeID, CarrierName, CarrierID, PlanName) VALUES ('66', '1', 'Aetna', '1', 'Aetna Managed Choice POS>');"
67,1,Aetna,1,Aetna NAP,"INSERT INTO InsurancePlans (PlanID, InsuranceTypeID, CarrierName, CarrierID, PlanName) VALUES ('67', '1', 'Aetna', '1', 'Aetna NAP');"
68,1,Aetna,1,Aetna Open Access Elect Choice,"INSERT INTO InsurancePlans (PlanID, InsuranceTypeID, CarrierName, CarrierID, PlanName) VALUES ('68', '1', 'Aetna', '1', 'Aetna Open Access Elect Choice');"
69,1,Aetna,1,Aetna Open Access HMO,"INSERT INTO InsurancePlans (PlanID, InsuranceTypeID, CarrierName, CarrierID, PlanName) VALUES ('69', '1', 'Aetna', '1', 'Aetna Open Access HMO');"
70,1,Aetna,1,Aetna Open Access Managed Choice,"INSERT INTO InsurancePlans (PlanID, InsuranceTypeID, CarrierName, CarrierID, PlanName) VALUES ('70', '1', 'Aetna', '1', 'Aetna Open Access Managed Choice');"
71,1,Aetna,1,"Aetna Open Choice PPO (including, but not limited to Aetna Signature Administrators® and Open Choice)","INSERT INTO InsurancePlans (PlanID, InsuranceTypeID, CarrierName, CarrierID, PlanName) VALUES ('71', '1', 'Aetna', '1', 'Aetna Open Choice PPO (including, but not limited to Aetna Signature Administrators® and Open Choice)');"
72,1,Aetna,1,Aetna Performance Network,"INSERT INTO InsurancePlans (PlanID, InsuranceTypeID, CarrierName, CarrierID, PlanName) VALUES ('72', '1', 'Aetna', '1', 'Aetna Performance Network');"
73,1,Aetna,1,Aetna Performance Network (Tier 2),"INSERT INTO InsurancePlans (PlanID, InsuranceTypeID, CarrierName, CarrierID, PlanName) VALUES ('73', '1', 'Aetna', '1', 'Aetna Performance Network (Tier 2)');"
74,1,Aetna,1,Aetna Premier Care Network,"INSERT INTO InsurancePlans (PlanID, InsuranceTypeID, CarrierName, CarrierID, PlanName) VALUES ('74', '1', 'Aetna', '1', 'Aetna Premier Care Network');"
75,1,Aetna,1,Aetna Premier Care Network (contact your insurance company),"INSERT INTO InsurancePlans (PlanID, InsuranceTypeID, CarrierName, CarrierID, PlanName) VALUES ('75', '1', 'Aetna', '1', 'Aetna Premier Care Network (contact your insurance company)');"
76,1,Aetna,1,Aetna Premier Care Network Plus,"INSERT INTO InsurancePlans (PlanID, InsuranceTypeID, CarrierName, CarrierID, PlanName) VALUES ('76', '1', 'Aetna', '1', 'Aetna Premier Care Network Plus');"
77,1,Aetna,1,Aetna Premier Care Network Plus (contact your insurance company),"INSERT INTO InsurancePlans (PlanID, InsuranceTypeID, CarrierName, CarrierID, PlanName) VALUES ('77', '1', 'Aetna', '1', 'Aetna Premier Care Network Plus (contact your insurance company)');"
78,1,Aetna,1,Aetna Prime HMO-POS,"INSERT INTO InsurancePlans (PlanID, InsuranceTypeID, CarrierName, CarrierID, PlanName) VALUES ('78', '1', 'Aetna', '1', 'Aetna Prime HMO-POS');"
79,1,Aetna,1,Aetna QPOS,"INSERT INTO InsurancePlans (PlanID, InsuranceTypeID, CarrierName, CarrierID, PlanName) VALUES ('79', '1', 'Aetna', '1', 'Aetna QPOS');"
80,1,Aetna,1,Aetna Savings Plus,"INSERT INTO InsurancePlans (PlanID, InsuranceTypeID, CarrierName, CarrierID, PlanName) VALUES ('80', '1', 'Aetna', '1', 'Aetna Savings Plus');"
81,1,Aetna,1,Aetna Savings Plus (Services for Delnor Hospital physicians only),"INSERT INTO InsurancePlans (PlanID, InsuranceTypeID, CarrierName, CarrierID, PlanName) VALUES ('81', '1', 'Aetna', '1', 'Aetna Savings Plus (Services for Delnor Hospital physicians only)');"
82,1,Aetna,1,Aetna Savings Plus (Tier 2),"INSERT INTO InsurancePlans (PlanID, InsuranceTypeID, CarrierName, CarrierID, PlanName) VALUES ('82', '1', 'Aetna', '1', 'Aetna Savings Plus (Tier 2)');"
83,1,Aetna,1,Aetna Savings Plus (Tier 2)br />,"INSERT INTO InsurancePlans (PlanID, InsuranceTypeID, CarrierName, CarrierID, PlanName) VALUES ('83', '1', 'Aetna', '1', 'Aetna Savings Plus (Tier 2)br />');"
84,1,Aetna,1,Aetna Select,"INSERT INTO InsurancePlans (PlanID, InsuranceTypeID, CarrierName, CarrierID, PlanName) VALUES ('84', '1', 'Aetna', '1', 'Aetna Select');"
85,1,Aetna,1,Aetna Student Health,"INSERT INTO InsurancePlans (PlanID, InsuranceTypeID, CarrierName, CarrierID, PlanName) VALUES ('85', '1', 'Aetna', '1', 'Aetna Student Health');"
86,1,Aetna,1,Aetna Traditional Choice,"INSERT INTO InsurancePlans (PlanID, InsuranceTypeID, CarrierName, CarrierID, PlanName) VALUES ('86', '1', 'Aetna', '1', 'Aetna Traditional Choice');"
87,1,Aetna,1,Aetna Voluntary Group Medical Plan (Indemnity Plan),"INSERT INTO InsurancePlans (PlanID, InsuranceTypeID, CarrierName, CarrierID, PlanName) VALUES ('87', '1', 'Aetna', '1', 'Aetna Voluntary Group Medical Plan (Indemnity Plan)');"
88,1,Blue Cross Blue Shield,3,Blue Cross Blue Shield,"INSERT INTO InsurancePlans (PlanID, InsuranceTypeID, CarrierName, CarrierID, PlanName) VALUES ('88', '1', 'Blue Cross Blue Shield', '3', 'Blue Cross Blue Shield');"
89,1,Blue Cross Blue Shield,3,Blue Cross Blue Shield - HMO,"INSERT INTO InsurancePlans (PlanID, InsuranceTypeID, CarrierName, CarrierID, PlanName) VALUES ('89', '1', 'Blue Cross Blue Shield', '3', 'Blue Cross Blue Shield - HMO');"
90,1,Blue Cross Blue Shield,3,Blue Cross Blue Shield – HMO,"INSERT INTO InsurancePlans (PlanID, InsuranceTypeID, CarrierName, CarrierID, PlanName) VALUES ('90', '1', 'Blue Cross Blue Shield', '3', 'Blue Cross Blue Shield – HMO');"
91,1,Blue Cross Blue Shield,3,Blue Cross Blue Shield of Illinois HMO Plans associated with Northwestern Medicine include:,"INSERT INTO InsurancePlans (PlanID, InsuranceTypeID, CarrierName, CarrierID, PlanName) VALUES ('91', '1', 'Blue Cross Blue Shield', '3', 'Blue Cross Blue Shield of Illinois HMO Plans associated with Northwestern Medicine include:');"
92,2,CHAMPUS,16,CHAMPUS,"INSERT INTO InsurancePlans (PlanID, InsuranceTypeID, CarrierName, CarrierID, PlanName) VALUES ('92', '2', 'CHAMPUS', '16', 'CHAMPUS');"
93,1,Cigna,4,Cigna - Choice Fund Open Access Plus,"INSERT INTO InsurancePlans (PlanID, InsuranceTypeID, CarrierName, CarrierID, PlanName) VALUES ('93', '1', 'Cigna', '4', 'Cigna - Choice Fund Open Access Plus');"
94,1,Cigna,4,Cigna – Choice Fund Open Access Plus,"INSERT INTO InsurancePlans (PlanID, InsuranceTypeID, CarrierName, CarrierID, PlanName) VALUES ('94', '1', 'Cigna', '4', 'Cigna – Choice Fund Open Access Plus');"
95,1,Cigna,4,Cigna - ChoiceCare PPO,"INSERT INTO InsurancePlans (PlanID, InsuranceTypeID, CarrierName, CarrierID, PlanName) VALUES ('95', '1', 'Cigna', '4', 'Cigna - ChoiceCare PPO');"
96,1,Cigna,4,Cigna – ChoiceCare PPO,"INSERT INTO InsurancePlans (PlanID, InsuranceTypeID, CarrierName, CarrierID, PlanName) VALUES ('96', '1', 'Cigna', '4', 'Cigna – ChoiceCare PPO');"
97,1,Cigna,4,Cigna - EPO,"INSERT INTO InsurancePlans (PlanID, InsuranceTypeID, CarrierName, CarrierID, PlanName) VALUES ('97', '1', 'Cigna', '4', 'Cigna - EPO');"
98,1,Cigna,4,Cigna – EPO,"INSERT INTO InsurancePlans (PlanID, InsuranceTypeID, CarrierName, CarrierID, PlanName) VALUES ('98', '1', 'Cigna', '4', 'Cigna – EPO');"
99,1,Cigna,4,Cigna - Global Health Benefits,"INSERT INTO InsurancePlans (PlanID, InsuranceTypeID, CarrierName, CarrierID, PlanName) VALUES ('99', '1', 'Cigna', '4', 'Cigna - Global Health Benefits');"
100,1,Cigna,4,Cigna – Global Health Benefits,"INSERT INTO InsurancePlans (PlanID, InsuranceTypeID, CarrierName, CarrierID, PlanName) VALUES ('100', '1', 'Cigna', '4', 'Cigna – Global Health Benefits');"
101,1,Cigna,4,Cigna - GWH POS Open Access Plus,"INSERT INTO InsurancePlans (PlanID, InsuranceTypeID, CarrierName, CarrierID, PlanName) VALUES ('101', '1', 'Cigna', '4', 'Cigna - GWH POS Open Access Plus');"
102,1,Cigna,4,Cigna – GWH POS Open Access Plus,"INSERT INTO InsurancePlans (PlanID, InsuranceTypeID, CarrierName, CarrierID, PlanName) VALUES ('102', '1', 'Cigna', '4', 'Cigna – GWH POS Open Access Plus');"
103,1,Cigna,4,Cigna - HMO (or POS),"INSERT INTO InsurancePlans (PlanID, InsuranceTypeID, CarrierName, CarrierID, PlanName) VALUES ('103', '1', 'Cigna', '4', 'Cigna - HMO (or POS)');"
104,1,Cigna,4,Cigna – HMO (or POS),"INSERT INTO InsurancePlans (PlanID, InsuranceTypeID, CarrierName, CarrierID, PlanName) VALUES ('104', '1', 'Cigna', '4', 'Cigna – HMO (or POS)');"
105,1,Cigna,4,Cigna - HMO (or POS) Open Access,"INSERT INTO InsurancePlans (PlanID, InsuranceTypeID, CarrierName, CarrierID, PlanName) VALUES ('105', '1', 'Cigna', '4', 'Cigna - HMO (or POS) Open Access');"
106,1,Cigna,4,Cigna – HMO (or POS) Open Access,"INSERT INTO InsurancePlans (PlanID, InsuranceTypeID, CarrierName, CarrierID, PlanName) VALUES ('106', '1', 'Cigna', '4', 'Cigna – HMO (or POS) Open Access');"
107,1,Cigna,4,Cigna - Local Plus,"INSERT INTO InsurancePlans (PlanID, InsuranceTypeID, CarrierName, CarrierID, PlanName) VALUES ('107', '1', 'Cigna', '4', 'Cigna - Local Plus');"
108,1,Cigna,4,Cigna - Network Open Access,"INSERT INTO InsurancePlans (PlanID, InsuranceTypeID, CarrierName, CarrierID, PlanName) VALUES ('108', '1', 'Cigna', '4', 'Cigna - Network Open Access');"
109,1,Cigna,4,Cigna – Network Open Access,"INSERT INTO InsurancePlans (PlanID, InsuranceTypeID, CarrierName, CarrierID, PlanName) VALUES ('109', '1', 'Cigna', '4', 'Cigna – Network Open Access');"
110,1,Cigna,4,Cigna - Network POS,"INSERT INTO InsurancePlans (PlanID, InsuranceTypeID, CarrierName, CarrierID, PlanName) VALUES ('110', '1', 'Cigna', '4', 'Cigna - Network POS');"
111,1,Cigna,4,Cigna – Network POS,"INSERT INTO InsurancePlans (PlanID, InsuranceTypeID, CarrierName, CarrierID, PlanName) VALUES ('111', '1', 'Cigna', '4', 'Cigna – Network POS');"
112,1,Cigna,4,Cigna - One Health HMO eff 4/1/19,"INSERT INTO InsurancePlans (PlanID, InsuranceTypeID, CarrierName, CarrierID, PlanName) VALUES ('112', '1', 'Cigna', '4', 'Cigna - One Health HMO eff 4/1/19');"
113,1,Cigna,4,Cigna - Open Access,"INSERT INTO InsurancePlans (PlanID, InsuranceTypeID, CarrierName, CarrierID, PlanName) VALUES ('113', '1', 'Cigna', '4', 'Cigna - Open Access');"
114,1,Cigna,4,Cigna – Open Access,"INSERT INTO InsurancePlans (PlanID, InsuranceTypeID, CarrierName, CarrierID, PlanName) VALUES ('114', '1', 'Cigna', '4', 'Cigna – Open Access');"
115,1,Cigna,4,Cigna - Open Access Plus,"INSERT INTO InsurancePlans (PlanID, InsuranceTypeID, CarrierName, CarrierID, PlanName) VALUES ('115', '1', 'Cigna', '4', 'Cigna - Open Access Plus');"
116,1,Cigna,4,Cigna – Open Access Plus,"INSERT INTO InsurancePlans (PlanID, InsuranceTypeID, CarrierName, CarrierID, PlanName) VALUES ('116', '1', 'Cigna', '4', 'Cigna – Open Access Plus');"
117,1,Cigna,4,Cigna - POS,"INSERT INTO InsurancePlans (PlanID, InsuranceTypeID, CarrierName, CarrierID, PlanName) VALUES ('117', '1', 'Cigna', '4', 'Cigna - POS');"
118,1,Cigna,4,Cigna – POS,"INSERT INTO InsurancePlans (PlanID, InsuranceTypeID, CarrierName, CarrierID, PlanName) VALUES ('118', '1', 'Cigna', '4', 'Cigna – POS');"
119,1,Cigna,4,Cigna - PPO,"INSERT INTO InsurancePlans (PlanID, InsuranceTypeID, CarrierName, CarrierID, PlanName) VALUES ('119', '1', 'Cigna', '4', 'Cigna - PPO');"
120,1,Cigna,4,Cigna – PPO,"INSERT INTO InsurancePlans (PlanID, InsuranceTypeID, CarrierName, CarrierID, PlanName) VALUES ('120', '1', 'Cigna', '4', 'Cigna – PPO');"
121,1,Cigna,4,Cigna - Shared Administration PPO and OAP,"INSERT INTO InsurancePlans (PlanID, InsuranceTypeID, CarrierName, CarrierID, PlanName) VALUES ('121', '1', 'Cigna', '4', 'Cigna - Shared Administration PPO and OAP');"
122,1,Cigna,4,Cigna – Shared Administration PPO and OAP,"INSERT INTO InsurancePlans (PlanID, InsuranceTypeID, CarrierName, CarrierID, PlanName) VALUES ('122', '1', 'Cigna', '4', 'Cigna – Shared Administration PPO and OAP');"
123,1,Cigna,4,Cigna Courage Medicare (HMO),"INSERT INTO InsurancePlans (PlanID, InsuranceTypeID, CarrierName, CarrierID, PlanName) VALUES ('123', '1', 'Cigna', '4', 'Cigna Courage Medicare (HMO)');"
124,1,Cigna,4,Cigna Plus Bronze CMS Standard,"INSERT INTO InsurancePlans (PlanID, InsuranceTypeID, CarrierName, CarrierID, PlanName) VALUES ('124', '1', 'Cigna', '4', 'Cigna Plus Bronze CMS Standard');"
125,1,Cigna,4,Cigna Plus Gold CMS Standard - Rx Copay,"INSERT INTO InsurancePlans (PlanID, InsuranceTypeID, CarrierName, CarrierID, PlanName) VALUES ('125', '1', 'Cigna', '4', 'Cigna Plus Gold CMS Standard - Rx Copay');"
126,1,Cigna,4,Cigna Plus Northwestern Medicine 0-2*,"INSERT INTO InsurancePlans (PlanID, InsuranceTypeID, CarrierName, CarrierID, PlanName) VALUES ('126', '1', 'Cigna', '4', 'Cigna Plus Northwestern Medicine 0-2*');"
127,1,Cigna,4,Cigna Plus Northwestern Medicine 0-3*,"INSERT INTO InsurancePlans (PlanID, InsuranceTypeID, CarrierName, CarrierID, PlanName) VALUES ('127', '1', 'Cigna', '4', 'Cigna Plus Northwestern Medicine 0-3*');"
128,1,Cigna,4,Cigna Plus Northwestern Medicine 0-4A*,"INSERT INTO InsurancePlans (PlanID, InsuranceTypeID, CarrierName, CarrierID, PlanName) VALUES ('128', '1', 'Cigna', '4', 'Cigna Plus Northwestern Medicine 0-4A*');"
129,1,Cigna,4,Cigna Plus Northwestern Medicine 0-4B*,"INSERT INTO InsurancePlans (PlanID, InsuranceTypeID, CarrierName, CarrierID, PlanName) VALUES ('129', '1', 'Cigna', '4', 'Cigna Plus Northwestern Medicine 0-4B*');"
130,1,Cigna,4,Cigna Plus Northwestern Medicine 0A*,"INSERT INTO InsurancePlans (PlanID, InsuranceTypeID, CarrierName, CarrierID, PlanName) VALUES ('130', '1', 'Cigna', '4', 'Cigna Plus Northwestern Medicine 0A*');"
131,1,Cigna,4,Cigna Plus Northwestern Medicine 0B*,"INSERT INTO InsurancePlans (PlanID, InsuranceTypeID, CarrierName, CarrierID, PlanName) VALUES ('131', '1', 'Cigna', '4', 'Cigna Plus Northwestern Medicine 0B*');"
132,1,Cigna,4,Cigna Plus Northwestern Medicine 100-4 Rx Copay*,"INSERT INTO InsurancePlans (PlanID, InsuranceTypeID, CarrierName, CarrierID, PlanName) VALUES ('132', '1', 'Cigna', '4', 'Cigna Plus Northwestern Medicine 100-4 Rx Copay*');"
133,1,Cigna,4,Cigna Plus Northwestern Medicine 1900 Enhanced Diabetes Care*,"INSERT INTO InsurancePlans (PlanID, InsuranceTypeID, CarrierName, CarrierID, PlanName) VALUES ('133', '1', 'Cigna', '4', 'Cigna Plus Northwestern Medicine 1900 Enhanced Diabetes Care*');"
134,1,Cigna,4,Cigna Plus Northwestern Medicine 2000-3*,"INSERT INTO InsurancePlans (PlanID, InsuranceTypeID, CarrierName, CarrierID, PlanName) VALUES ('134', '1', 'Cigna', '4', 'Cigna Plus Northwestern Medicine 2000-3*');"
135,1,Cigna,4,Cigna Plus Northwestern Medicine 2500-2 Rx Copay*,"INSERT INTO InsurancePlans (PlanID, InsuranceTypeID, CarrierName, CarrierID, PlanName) VALUES ('135', '1', 'Cigna', '4', 'Cigna Plus Northwestern Medicine 2500-2 Rx Copay*');"
136,1,Cigna,4,Cigna Plus Northwestern Medicine 3000 Rx Copay*,"INSERT INTO InsurancePlans (PlanID, InsuranceTypeID, CarrierName, CarrierID, PlanName) VALUES ('136', '1', 'Cigna', '4', 'Cigna Plus Northwestern Medicine 3000 Rx Copay*');"
137,1,Cigna,4,Cigna Plus Northwestern Medicine 3000-2 Enhanced Diabetes Care*,"INSERT INTO InsurancePlans (PlanID, InsuranceTypeID, CarrierName, CarrierID, PlanName) VALUES ('137', '1', 'Cigna', '4', 'Cigna Plus Northwestern Medicine 3000-2 Enhanced Diabetes Care*');"
138,1,Cigna,4,Cigna Plus Northwestern Medicine 350-3 Rx Copay*,"INSERT INTO InsurancePlans (PlanID, InsuranceTypeID, CarrierName, CarrierID, PlanName) VALUES ('138', '1', 'Cigna', '4', 'Cigna Plus Northwestern Medicine 350-3 Rx Copay*');"
139,1,Cigna,4,Cigna Plus Northwestern Medicine 3550-2 Enhanced Asthma COPD Care*,"INSERT INTO InsurancePlans (PlanID, InsuranceTypeID, CarrierName, CarrierID, PlanName) VALUES ('139', '1', 'Cigna', '4', 'Cigna Plus Northwestern Medicine 3550-2 Enhanced Asthma COPD Care*');"
140,1,Cigna,4,Cigna Plus Northwestern Medicine 3800 Enhanced Diabetes Care*,"INSERT INTO InsurancePlans (PlanID, InsuranceTypeID, CarrierName, CarrierID, PlanName) VALUES ('140', '1', 'Cigna', '4', 'Cigna Plus Northwestern Medicine 3800 Enhanced Diabetes Care*');"
141,1,Cigna,4,Cigna Plus Northwestern Medicine 3800-2*,"INSERT INTO InsurancePlans (PlanID, InsuranceTypeID, CarrierName, CarrierID, PlanName) VALUES ('141', '1', 'Cigna', '4', 'Cigna Plus Northwestern Medicine 3800-2*');"
142,1,Cigna,4,Cigna Plus Northwestern Medicine 40-4 Enhanced Diabetes Care*,"INSERT INTO InsurancePlans (PlanID, InsuranceTypeID, CarrierName, CarrierID, PlanName) VALUES ('142', '1', 'Cigna', '4', 'Cigna Plus Northwestern Medicine 40-4 Enhanced Diabetes Care*');"
143,1,Cigna,4,Cigna Plus Northwestern Medicine 4200 Enhanced Asthma COPD Care*,"INSERT INTO InsurancePlans (PlanID, InsuranceTypeID, CarrierName, CarrierID, PlanName) VALUES ('143', '1', 'Cigna', '4', 'Cigna Plus Northwestern Medicine 4200 Enhanced Asthma COPD Care*');"
144,1,Cigna,4,Cigna Plus Northwestern Medicine 5000 Rx Copay*,"INSERT INTO InsurancePlans (PlanID, InsuranceTypeID, CarrierName, CarrierID, PlanName) VALUES ('144', '1', 'Cigna', '4', 'Cigna Plus Northwestern Medicine 5000 Rx Copay*');"
145,1,Cigna,4,Cigna Plus Northwestern Medicine 50-4 Enhanced Asthma COPD Care*,"INSERT INTO InsurancePlans (PlanID, InsuranceTypeID, CarrierName, CarrierID, PlanName) VALUES ('145', '1', 'Cigna', '4', 'Cigna Plus Northwestern Medicine 50-4 Enhanced Asthma COPD Care*');"
146,1,Cigna,4,Cigna Plus Northwestern Medicine 6000*,"INSERT INTO InsurancePlans (PlanID, InsuranceTypeID, CarrierName, CarrierID, PlanName) VALUES ('146', '1', 'Cigna', '4', 'Cigna Plus Northwestern Medicine 6000*');"
147,1,Cigna,4,Cigna Plus Northwestern Medicine 600-3 Enhanced Diabetes Care*,"INSERT INTO InsurancePlans (PlanID, InsuranceTypeID, CarrierName, CarrierID, PlanName) VALUES ('147', '1', 'Cigna', '4', 'Cigna Plus Northwestern Medicine 600-3 Enhanced Diabetes Care*');"
148,1,Cigna,4,Cigna Plus Northwestern Medicine 6150-2*,"INSERT INTO InsurancePlans (PlanID, InsuranceTypeID, CarrierName, CarrierID, PlanName) VALUES ('148', '1', 'Cigna', '4', 'Cigna Plus Northwestern Medicine 6150-2*');"
149,1,Cigna,4,Cigna Plus Northwestern Medicine 650-4*,"INSERT INTO InsurancePlans (PlanID, InsuranceTypeID, CarrierName, CarrierID, PlanName) VALUES ('149', '1', 'Cigna', '4', 'Cigna Plus Northwestern Medicine 650-4*');"
150,1,Cigna,4,Cigna Plus Northwestern Medicine 6800 Enhanced Diabetes Care*,"INSERT INTO InsurancePlans (PlanID, InsuranceTypeID, CarrierName, CarrierID, PlanName) VALUES ('150', '1', 'Cigna', '4', 'Cigna Plus Northwestern Medicine 6800 Enhanced Diabetes Care*');"
151,1,Cigna,4,Cigna Plus Northwestern Medicine 700-3*,"INSERT INTO InsurancePlans (PlanID, InsuranceTypeID, CarrierName, CarrierID, PlanName) VALUES ('151', '1', 'Cigna', '4', 'Cigna Plus Northwestern Medicine 700-3*');"
152,1,Cigna,4,Cigna Plus Northwestern Medicine 750 Rx Copay*,"INSERT INTO InsurancePlans (PlanID, InsuranceTypeID, CarrierName, CarrierID, PlanName) VALUES ('152', '1', 'Cigna', '4', 'Cigna Plus Northwestern Medicine 750 Rx Copay*');"
153,1,Cigna,4,Cigna Plus Northwestern Medicine 750-3 Enhanced Asthma COPD Care*,"INSERT INTO InsurancePlans (PlanID, InsuranceTypeID, CarrierName, CarrierID, PlanName) VALUES ('153', '1', 'Cigna', '4', 'Cigna Plus Northwestern Medicine 750-3 Enhanced Asthma COPD Care*');"
154,1,Cigna,4,Cigna Plus Northwestern Medicine 8000*,"INSERT INTO InsurancePlans (PlanID, InsuranceTypeID, CarrierName, CarrierID, PlanName) VALUES ('154', '1', 'Cigna', '4', 'Cigna Plus Northwestern Medicine 8000*');"
155,1,Cigna,4,Cigna Plus Northwestern Medicine Diabetes 7600 Enhanced Asthma COPD Care*,"INSERT INTO InsurancePlans (PlanID, InsuranceTypeID, CarrierName, CarrierID, PlanName) VALUES ('155', '1', 'Cigna', '4', 'Cigna Plus Northwestern Medicine Diabetes 7600 Enhanced Asthma COPD Care*');"
156,1,Cigna,4,Cigna Plus Northwestern Medicine HSA 7050*,"INSERT INTO InsurancePlans (PlanID, InsuranceTypeID, CarrierName, CarrierID, PlanName) VALUES ('156', '1', 'Cigna', '4', 'Cigna Plus Northwestern Medicine HSA 7050*');"
157,1,Cigna,4,"Cigna Plus Northwestern Medicine will not be available for residents of Cook County. However, residents of DuPage, Kane, Lake and McHenry counties will still have coverage in Cook County if they receive care at Northwestern Memorial Hospital.","INSERT INTO InsurancePlans (PlanID, InsuranceTypeID, CarrierName, CarrierID, PlanName) VALUES ('157', '1', 'Cigna', '4', 'Cigna Plus Northwestern Medicine will not be available for residents of Cook County. However, residents of DuPage, Kane, Lake and McHenry counties will still have coverage in Cook County if they receive care at Northwestern Memorial Hospital.');"
158,1,Cigna,4,Cigna Plus Silver CMS Standard,"INSERT INTO InsurancePlans (PlanID, InsuranceTypeID, CarrierName, CarrierID, PlanName) VALUES ('158', '1', 'Cigna', '4', 'Cigna Plus Silver CMS Standard');"
159,1,Cigna,4,Cigna Plus Silver-2 CMS Standard,"INSERT INTO InsurancePlans (PlanID, InsuranceTypeID, CarrierName, CarrierID, PlanName) VALUES ('159', '1', 'Cigna', '4', 'Cigna Plus Silver-2 CMS Standard');"
160,1,Cigna,4,Cigna Plus Silver-3 CMS Standard,"INSERT INTO InsurancePlans (PlanID, InsuranceTypeID, CarrierName, CarrierID, PlanName) VALUES ('160', '1', 'Cigna', '4', 'Cigna Plus Silver-3 CMS Standard');"
161,1,Cigna,4,Cigna Plus Silver-4 CMS Standard,"INSERT INTO InsurancePlans (PlanID, InsuranceTypeID, CarrierName, CarrierID, PlanName) VALUES ('161', '1', 'Cigna', '4', 'Cigna Plus Silver-4 CMS Standard');"
162,1,Cigna,4,Cigna Plus with Northwestern Medicine (Effective 1/1/2021),"INSERT INTO InsurancePlans (PlanID, InsuranceTypeID, CarrierName, CarrierID, PlanName) VALUES ('162', '1', 'Cigna', '4', 'Cigna Plus with Northwestern Medicine (Effective 1/1/2021)');"
163,1,Cigna,4,Cigna Plus With Northwestern Medicine 1000**,"INSERT INTO InsurancePlans (PlanID, InsuranceTypeID, CarrierName, CarrierID, PlanName) VALUES ('163', '1', 'Cigna', '4', 'Cigna Plus With Northwestern Medicine 1000**');"
164,1,Cigna,4,Cigna Plus With Northwestern Medicine 1250 - Northwestern Medicine Only**,"INSERT INTO InsurancePlans (PlanID, InsuranceTypeID, CarrierName, CarrierID, PlanName) VALUES ('164', '1', 'Cigna', '4', 'Cigna Plus With Northwestern Medicine 1250 - Northwestern Medicine Only**');"
165,1,Cigna,4,Cigna Plus with Northwestern Medicine 2000 (Effective 1/1/2022)*,"INSERT INTO InsurancePlans (PlanID, InsuranceTypeID, CarrierName, CarrierID, PlanName) VALUES ('165', '1', 'Cigna', '4', 'Cigna Plus with Northwestern Medicine 2000 (Effective 1/1/2022)*');"
166,1,Cigna,4,Cigna Plus with Northwestern Medicine 2000 (Effective 1/1/2023)*,"INSERT INTO InsurancePlans (PlanID, InsuranceTypeID, CarrierName, CarrierID, PlanName) VALUES ('166', '1', 'Cigna', '4', 'Cigna Plus with Northwestern Medicine 2000 (Effective 1/1/2023)*');"
167,1,Cigna,4,Cigna Plus With Northwestern Medicine 3000**,"INSERT INTO InsurancePlans (PlanID, InsuranceTypeID, CarrierName, CarrierID, PlanName) VALUES ('167', '1', 'Cigna', '4', 'Cigna Plus With Northwestern Medicine 3000**');"
168,1,Cigna,4,Cigna Plus With Northwestern Medicine 3500 Diabetes Care**,"INSERT INTO InsurancePlans (PlanID, InsuranceTypeID, CarrierName, CarrierID, PlanName) VALUES ('168', '1', 'Cigna', '4', 'Cigna Plus With Northwestern Medicine 3500 Diabetes Care**');"
169,1,Cigna,4,Cigna Plus with Northwestern Medicine 4400 (Effective 1/1/2022)*,"INSERT INTO InsurancePlans (PlanID, InsuranceTypeID, CarrierName, CarrierID, PlanName) VALUES ('169', '1', 'Cigna', '4', 'Cigna Plus with Northwestern Medicine 4400 (Effective 1/1/2022)*');"
170,1,Cigna,4,Cigna Plus with Northwestern Medicine 4400 (Effective 1/1/2023)*,"INSERT INTO InsurancePlans (PlanID, InsuranceTypeID, CarrierName, CarrierID, PlanName) VALUES ('170', '1', 'Cigna', '4', 'Cigna Plus with Northwestern Medicine 4400 (Effective 1/1/2023)*');"
171,1,Cigna,4,Cigna Plus With Northwestern Medicine 5000**,"INSERT INTO InsurancePlans (PlanID, InsuranceTypeID, CarrierName, CarrierID, PlanName) VALUES ('171', '1', 'Cigna', '4', 'Cigna Plus With Northwestern Medicine 5000**');"
172,1,Cigna,4,Cigna Plus With Northwestern Medicine 6000**,"INSERT INTO InsurancePlans (PlanID, InsuranceTypeID, CarrierName, CarrierID, PlanName) VALUES ('172', '1', 'Cigna', '4', 'Cigna Plus With Northwestern Medicine 6000**');"
173,1,Cigna,4,Cigna Plus With Northwestern Medicine 7000**,"INSERT INTO InsurancePlans (PlanID, InsuranceTypeID, CarrierName, CarrierID, PlanName) VALUES ('173', '1', 'Cigna', '4', 'Cigna Plus With Northwestern Medicine 7000**');"
174,1,Cigna,4,Cigna Plus With Northwestern Medicine 750**,"INSERT INTO InsurancePlans (PlanID, InsuranceTypeID, CarrierName, CarrierID, PlanName) VALUES ('174', '1', 'Cigna', '4', 'Cigna Plus With Northwestern Medicine 750**');"
175,1,Cigna,4,Cigna Plus With Northwestern Medicine 7500**,"INSERT INTO InsurancePlans (PlanID, InsuranceTypeID, CarrierName, CarrierID, PlanName) VALUES ('175', '1', 'Cigna', '4', 'Cigna Plus With Northwestern Medicine 7500**');"
176,1,Cigna,4,Cigna Plus With Northwestern Medicine 8500**,"INSERT INTO InsurancePlans (PlanID, InsuranceTypeID, CarrierName, CarrierID, PlanName) VALUES ('176', '1', 'Cigna', '4', 'Cigna Plus With Northwestern Medicine 8500**');"
177,1,Cigna,4,Cigna Plus With Northwestern Medicine 8700**,"INSERT INTO InsurancePlans (PlanID, InsuranceTypeID, CarrierName, CarrierID, PlanName) VALUES ('177', '1', 'Cigna', '4', 'Cigna Plus With Northwestern Medicine 8700**');"
178,1,Cigna,4,Cigna Plus With Northwestern Medicine Asthma/COPD 4200**,"INSERT INTO InsurancePlans (PlanID, InsuranceTypeID, CarrierName, CarrierID, PlanName) VALUES ('178', '1', 'Cigna', '4', 'Cigna Plus With Northwestern Medicine Asthma/COPD 4200**');"
179,1,Cigna,4,Cigna Plus with Northwestern Medicine Bronze 5000 Indiv Med Deductible - Rx Copay,"INSERT INTO InsurancePlans (PlanID, InsuranceTypeID, CarrierName, CarrierID, PlanName) VALUES ('179', '1', 'Cigna', '4', 'Cigna Plus with Northwestern Medicine Bronze 5000 Indiv Med Deductible - Rx Copay');"
180,1,Cigna,4,Cigna Plus With Northwestern Medicine Diabetes 6800**,"INSERT INTO InsurancePlans (PlanID, InsuranceTypeID, CarrierName, CarrierID, PlanName) VALUES ('180', '1', 'Cigna', '4', 'Cigna Plus With Northwestern Medicine Diabetes 6800**');"
181,1,Cigna,4,Cigna Plus With Northwestern Medicine Plan 0**,"INSERT INTO InsurancePlans (PlanID, InsuranceTypeID, CarrierName, CarrierID, PlanName) VALUES ('181', '1', 'Cigna', '4', 'Cigna Plus With Northwestern Medicine Plan 0**');"
182,1,Cigna,4,Cigna Plus with Northwestern Medicine Silver 3000 Indiv Med Deductible - Rx Copay,"INSERT INTO InsurancePlans (PlanID, InsuranceTypeID, CarrierName, CarrierID, PlanName) VALUES ('182', '1', 'Cigna', '4', 'Cigna Plus with Northwestern Medicine Silver 3000 Indiv Med Deductible - Rx Copay');"
183,1,Cigna,4,Cigna Plus with Northwestern Medicine Silver 5000 Indiv Med Deductible,"INSERT INTO InsurancePlans (PlanID, InsuranceTypeID, CarrierName, CarrierID, PlanName) VALUES ('183', '1', 'Cigna', '4', 'Cigna Plus with Northwestern Medicine Silver 5000 Indiv Med Deductible');"
184,1,Cigna,4,Cigna Plus with Northwestern Medicine Silver-2 2500 Indiv Med Deductible - Rx Copay,"INSERT INTO InsurancePlans (PlanID, InsuranceTypeID, CarrierName, CarrierID, PlanName) VALUES ('184', '1', 'Cigna', '4', 'Cigna Plus with Northwestern Medicine Silver-2 2500 Indiv Med Deductible - Rx Copay');"
185,1,Cigna,4,Cigna Plus with Northwestern Medicine Silver-2 3800 Indiv Med Deductible,"INSERT INTO InsurancePlans (PlanID, InsuranceTypeID, CarrierName, CarrierID, PlanName) VALUES ('185', '1', 'Cigna', '4', 'Cigna Plus with Northwestern Medicine Silver-2 3800 Indiv Med Deductible');"
186,1,Cigna,4,Cigna Plus with Northwestern Medicine Silver-3 350 Indiv Med Deductible - Rx Copay,"INSERT INTO InsurancePlans (PlanID, InsuranceTypeID, CarrierName, CarrierID, PlanName) VALUES ('186', '1', 'Cigna', '4', 'Cigna Plus with Northwestern Medicine Silver-3 350 Indiv Med Deductible - Rx Copay');"
187,1,Cigna,4,Cigna Plus with Northwestern Medicine Silver-3 700 Indiv Med Deductible,"INSERT INTO InsurancePlans (PlanID, InsuranceTypeID, CarrierName, CarrierID, PlanName) VALUES ('187', '1', 'Cigna', '4', 'Cigna Plus with Northwestern Medicine Silver-3 700 Indiv Med Deductible');"
188,1,Cigna,4,Cigna Plus with Northwestern Medicine Silver-4 0 Indiv Med Deductible,"INSERT INTO InsurancePlans (PlanID, InsuranceTypeID, CarrierName, CarrierID, PlanName) VALUES ('188', '1', 'Cigna', '4', 'Cigna Plus with Northwestern Medicine Silver-4 0 Indiv Med Deductible');"
189,1,Cigna,4,Cigna Plus with Northwestern Medicine Silver-4 100 Indiv Med Deductible - Rx Copay,"INSERT INTO InsurancePlans (PlanID, InsuranceTypeID, CarrierName, CarrierID, PlanName) VALUES ('189', '1', 'Cigna', '4', 'Cigna Plus with Northwestern Medicine Silver-4 100 Indiv Med Deductible - Rx Copay');"
190,1,Cigna,4,Cigna Preferred Medicare (HMO),"INSERT INTO InsurancePlans (PlanID, InsuranceTypeID, CarrierName, CarrierID, PlanName) VALUES ('190', '1', 'Cigna', '4', 'Cigna Preferred Medicare (HMO)');"
191,1,Cigna,4,Cigna Simple Choice 0-4C,"INSERT INTO InsurancePlans (PlanID, InsuranceTypeID, CarrierName, CarrierID, PlanName) VALUES ('191', '1', 'Cigna', '4', 'Cigna Simple Choice 0-4C');"
192,1,Cigna,4,Cigna Simple Choice 2000,"INSERT INTO InsurancePlans (PlanID, InsuranceTypeID, CarrierName, CarrierID, PlanName) VALUES ('192', '1', 'Cigna', '4', 'Cigna Simple Choice 2000');"
193,1,Cigna,4,Cigna Simple Choice 5700-2,"INSERT INTO InsurancePlans (PlanID, InsuranceTypeID, CarrierName, CarrierID, PlanName) VALUES ('193', '1', 'Cigna', '4', 'Cigna Simple Choice 5700-2');"
194,1,Cigna,4,Cigna Simple Choice 5800,"INSERT INTO InsurancePlans (PlanID, InsuranceTypeID, CarrierName, CarrierID, PlanName) VALUES ('194', '1', 'Cigna', '4', 'Cigna Simple Choice 5800');"
195,1,Cigna,4,Cigna Simple Choice 7500,"INSERT INTO InsurancePlans (PlanID, InsuranceTypeID, CarrierName, CarrierID, PlanName) VALUES ('195', '1', 'Cigna', '4', 'Cigna Simple Choice 7500');"
196,1,Cigna,4,Cigna Simple Choice 9100,"INSERT INTO InsurancePlans (PlanID, InsuranceTypeID, CarrierName, CarrierID, PlanName) VALUES ('196', '1', 'Cigna', '4', 'Cigna Simple Choice 9100');"
197,1,Cigna,4,Cigna True Choice Courage Medicare (PPO),"INSERT INTO InsurancePlans (PlanID, InsuranceTypeID, CarrierName, CarrierID, PlanName) VALUES ('197', '1', 'Cigna', '4', 'Cigna True Choice Courage Medicare (PPO)');"
198,1,Cigna,4,Cigna True Choice Medicare (PPO),"INSERT INTO InsurancePlans (PlanID, InsuranceTypeID, CarrierName, CarrierID, PlanName) VALUES ('198', '1', 'Cigna', '4', 'Cigna True Choice Medicare (PPO)');"
199,1,Cigna,4,Cigna True Choice Plus Medicare (PPO),"INSERT INTO InsurancePlans (PlanID, InsuranceTypeID, CarrierName, CarrierID, PlanName) VALUES ('199', '1', 'Cigna', '4', 'Cigna True Choice Plus Medicare (PPO)');"
200,1,Cigna,4,Cigna True Choice Savings Medicare (PPO),"INSERT INTO InsurancePlans (PlanID, InsuranceTypeID, CarrierName, CarrierID, PlanName) VALUES ('200', '1', 'Cigna', '4', 'Cigna True Choice Savings Medicare (PPO)');"
201,1,Cigna,4,Cigna – Local Plus,"INSERT INTO InsurancePlans (PlanID, InsuranceTypeID, CarrierName, CarrierID, PlanName) VALUES ('201', '1', 'Cigna', '4', 'Cigna – Local Plus');"
202,4,Medicaid,18,CountyCare,"INSERT INTO InsurancePlans (PlanID, InsuranceTypeID, CarrierName, CarrierID, PlanName) VALUES ('202', '4', 'Medicaid', '18', 'CountyCare');"
203,1,Health Alliance,9,Health Alliance,"INSERT INTO InsurancePlans (PlanID, InsuranceTypeID, CarrierName, CarrierID, PlanName) VALUES ('203', '1', 'Health Alliance', '9', 'Health Alliance');"
204,1,Health Alliance,9,Health Alliance Marketplace Plans HMO ,"INSERT INTO InsurancePlans (PlanID, InsuranceTypeID, CarrierName, CarrierID, PlanName) VALUES ('204', '1', 'Health Alliance', '9', 'Health Alliance Marketplace Plans HMO ');"
205,1,Health Alliance,9,Health Alliance  ,"INSERT INTO InsurancePlans (PlanID, InsuranceTypeID, CarrierName, CarrierID, PlanName) VALUES ('205', '1', 'Health Alliance', '9', 'Health Alliance  ');"
206,1,HFN,10,HFN - EPO (HFN20),"INSERT INTO InsurancePlans (PlanID, InsuranceTypeID, CarrierName, CarrierID, PlanName) VALUES ('206', '1', 'HFN', '10', 'HFN - EPO (HFN20)');"
207,1,HFN,10,HFN - Platinum,"INSERT INTO InsurancePlans (PlanID, InsuranceTypeID, CarrierName, CarrierID, PlanName) VALUES ('207', '1', 'HFN', '10', 'HFN - Platinum');"
208,1,HFN,10,HFN - PPO (HFN10),"INSERT INTO InsurancePlans (PlanID, InsuranceTypeID, CarrierName, CarrierID, PlanName) VALUES ('208', '1', 'HFN', '10', 'HFN - PPO (HFN10)');"
209,1,HFN,10,HFN – PPO (HFN10),"INSERT INTO InsurancePlans (PlanID, InsuranceTypeID, CarrierName, CarrierID, PlanName) VALUES ('209', '1', 'HFN', '10', 'HFN – PPO (HFN10)');"
210,1,HFN,10,HFN - Workers Compensation Program/Network,"INSERT INTO InsurancePlans (PlanID, InsuranceTypeID, CarrierName, CarrierID, PlanName) VALUES ('210', '1', 'HFN', '10', 'HFN - Workers Compensation Program/Network');"
211,1,Humana,11,Humana – Choice Care PPO,"INSERT INTO InsurancePlans (PlanID, InsuranceTypeID, CarrierName, CarrierID, PlanName) VALUES ('211', '1', 'Humana', '11', 'Humana – Choice Care PPO');"
212,1,Humana,11,Humana - Choice POS,"INSERT INTO InsurancePlans (PlanID, InsuranceTypeID, CarrierName, CarrierID, PlanName) VALUES ('212', '1', 'Humana', '11', 'Humana - Choice POS');"
213,1,Humana,11,Humana – Choice POS,"INSERT INTO InsurancePlans (PlanID, InsuranceTypeID, CarrierName, CarrierID, PlanName) VALUES ('213', '1', 'Humana', '11', 'Humana – Choice POS');"
214,1,Humana,11,Humana - ChoiceCare PPO,"INSERT INTO InsurancePlans (PlanID, InsuranceTypeID, CarrierName, CarrierID, PlanName) VALUES ('214', '1', 'Humana', '11', 'Humana - ChoiceCare PPO');"
215,1,Humana,11,Humana - EPO,"INSERT INTO InsurancePlans (PlanID, InsuranceTypeID, CarrierName, CarrierID, PlanName) VALUES ('215', '1', 'Humana', '11', 'Humana - EPO');"
216,1,Humana,11,Humana – EPO,"INSERT INTO InsurancePlans (PlanID, InsuranceTypeID, CarrierName, CarrierID, PlanName) VALUES ('216', '1', 'Humana', '11', 'Humana – EPO');"
217,1,Humana,11,Humana - HMO Premier,"INSERT INTO InsurancePlans (PlanID, InsuranceTypeID, CarrierName, CarrierID, PlanName) VALUES ('217', '1', 'Humana', '11', 'Humana - HMO Premier');"
218,1,Humana,11,Humana – HMO Premier,"INSERT INTO InsurancePlans (PlanID, InsuranceTypeID, CarrierName, CarrierID, PlanName) VALUES ('218', '1', 'Humana', '11', 'Humana – HMO Premier');"
219,1,Humana,11,Humana - HMO Select,"INSERT INTO InsurancePlans (PlanID, InsuranceTypeID, CarrierName, CarrierID, PlanName) VALUES ('219', '1', 'Humana', '11', 'Humana - HMO Select');"
220,1,Humana,11,Humana – HMO Select,"INSERT INTO InsurancePlans (PlanID, InsuranceTypeID, CarrierName, CarrierID, PlanName) VALUES ('220', '1', 'Humana', '11', 'Humana – HMO Select');"
221,1,Humana,11,Humana - Illinois Platinum HMO,"INSERT INTO InsurancePlans (PlanID, InsuranceTypeID, CarrierName, CarrierID, PlanName) VALUES ('221', '1', 'Humana', '11', 'Humana - Illinois Platinum HMO');"
222,1,Humana,11,Humana – Illinois Platinum HMO,"INSERT INTO InsurancePlans (PlanID, InsuranceTypeID, CarrierName, CarrierID, PlanName) VALUES ('222', '1', 'Humana', '11', 'Humana – Illinois Platinum HMO');"
223,1,Humana,11,Humana – National  Preferred POS – Open Access,"INSERT INTO InsurancePlans (PlanID, InsuranceTypeID, CarrierName, CarrierID, PlanName) VALUES ('223', '1', 'Humana', '11', 'Humana – National  Preferred POS – Open Access');"
224,1,Humana,11,Humana - National Preferred POS - Open Access,"INSERT INTO InsurancePlans (PlanID, InsuranceTypeID, CarrierName, CarrierID, PlanName) VALUES ('224', '1', 'Humana', '11', 'Humana - National Preferred POS - Open Access');"
225,1,Humana,11,Humana - PPO,"INSERT INTO InsurancePlans (PlanID, InsuranceTypeID, CarrierName, CarrierID, PlanName) VALUES ('225', '1', 'Humana', '11', 'Humana - PPO');"
226,1,Humana,11,Humana – PPO,"INSERT INTO InsurancePlans (PlanID, InsuranceTypeID, CarrierName, CarrierID, PlanName) VALUES ('226', '1', 'Humana', '11', 'Humana – PPO');"
227,1,Humana,11,Humana - Preferred PPO,"INSERT INTO InsurancePlans (PlanID, InsuranceTypeID, CarrierName, CarrierID, PlanName) VALUES ('227', '1', 'Humana', '11', 'Humana - Preferred PPO');"
228,1,Humana,11,Humana – Preferred PPO,"INSERT INTO InsurancePlans (PlanID, InsuranceTypeID, CarrierName, CarrierID, PlanName) VALUES ('228', '1', 'Humana', '11', 'Humana – Preferred PPO');"
229,1,Humana,11,Humana Behavioral Health,"INSERT INTO InsurancePlans (PlanID, InsuranceTypeID, CarrierName, CarrierID, PlanName) VALUES ('229', '1', 'Humana', '11', 'Humana Behavioral Health');"
230,1,Humana,11,Humana HMO Gold Plus,"INSERT INTO InsurancePlans (PlanID, InsuranceTypeID, CarrierName, CarrierID, PlanName) VALUES ('230', '1', 'Humana', '11', 'Humana HMO Gold Plus');"
231,1,Humana,11,Humana Honor PPO (Veterans Plan),"INSERT INTO InsurancePlans (PlanID, InsuranceTypeID, CarrierName, CarrierID, PlanName) VALUES ('231', '1', 'Humana', '11', 'Humana Honor PPO (Veterans Plan)');"
232,1,Humana,11,Humana PFFS,"INSERT INTO InsurancePlans (PlanID, InsuranceTypeID, CarrierName, CarrierID, PlanName) VALUES ('232', '1', 'Humana', '11', 'Humana PFFS');"
233,1,Humana,11,Humana PPO,"INSERT INTO InsurancePlans (PlanID, InsuranceTypeID, CarrierName, CarrierID, PlanName) VALUES ('233', '1', 'Humana', '11', 'Humana PPO');"
234,4,Medicaid,18,Medicaid,"INSERT INTO InsurancePlans (PlanID, InsuranceTypeID, CarrierName, CarrierID, PlanName) VALUES ('234', '4', 'Medicaid', '18', 'Medicaid');"
235,5,Medicare,17,Medicare,"INSERT INTO InsurancePlans (PlanID, InsuranceTypeID, CarrierName, CarrierID, PlanName) VALUES ('235', '5', 'Medicare', '17', 'Medicare');"
236,4,Medicaid,18,Meridian,"INSERT INTO InsurancePlans (PlanID, InsuranceTypeID, CarrierName, CarrierID, PlanName) VALUES ('236', '4', 'Medicaid', '18', 'Meridian');"
237,9,Meridian,25,Meridian Complete,"INSERT INTO InsurancePlans (PlanID, InsuranceTypeID, CarrierName, CarrierID, PlanName) VALUES ('237', '9', 'Meridian', '25', 'Meridian Complete');"
238,2,Tricare East,20,TriCare East Administered by Humana Military,"INSERT INTO InsurancePlans (PlanID, InsuranceTypeID, CarrierName, CarrierID, PlanName) VALUES ('238', '2', 'Tricare East', '20', 'TriCare East Administered by Humana Military');"
239,1,United,21,United Behavioral Health – Optum,"INSERT INTO InsurancePlans (PlanID, InsuranceTypeID, CarrierName, CarrierID, PlanName) VALUES ('239', '1', 'United', '21', 'United Behavioral Health – Optum');"
240,1,United,21,United Healthcare - All Savers,"INSERT INTO InsurancePlans (PlanID, InsuranceTypeID, CarrierName, CarrierID, PlanName) VALUES ('240', '1', 'United', '21', 'United Healthcare - All Savers');"
241,1,United,21,United Healthcare – All Savers,"INSERT INTO InsurancePlans (PlanID, InsuranceTypeID, CarrierName, CarrierID, PlanName) VALUES ('241', '1', 'United', '21', 'United Healthcare – All Savers');"
242,1,United,21,United Healthcare - Choice,"INSERT INTO InsurancePlans (PlanID, InsuranceTypeID, CarrierName, CarrierID, PlanName) VALUES ('242', '1', 'United', '21', 'United Healthcare - Choice');"
243,1,United,21,United Healthcare – Choice,"INSERT INTO InsurancePlans (PlanID, InsuranceTypeID, CarrierName, CarrierID, PlanName) VALUES ('243', '1', 'United', '21', 'United Healthcare – Choice');"
244,1,United,21,United Healthcare - Choice Plus,"INSERT INTO InsurancePlans (PlanID, InsuranceTypeID, CarrierName, CarrierID, PlanName) VALUES ('244', '1', 'United', '21', 'United Healthcare - Choice Plus');"
245,1,United,21,United Healthcare – Choice Plus,"INSERT INTO InsurancePlans (PlanID, InsuranceTypeID, CarrierName, CarrierID, PlanName) VALUES ('245', '1', 'United', '21', 'United Healthcare – Choice Plus');"
246,1,United,21,United Healthcare - Core,"INSERT INTO InsurancePlans (PlanID, InsuranceTypeID, CarrierName, CarrierID, PlanName) VALUES ('246', '1', 'United', '21', 'United Healthcare - Core');"
247,1,United,21,United Healthcare – Core,"INSERT INTO InsurancePlans (PlanID, InsuranceTypeID, CarrierName, CarrierID, PlanName) VALUES ('247', '1', 'United', '21', 'United Healthcare – Core');"
248,1,United,21,United Healthcare – HMO,"INSERT INTO InsurancePlans (PlanID, InsuranceTypeID, CarrierName, CarrierID, PlanName) VALUES ('248', '1', 'United', '21', 'United Healthcare – HMO');"
249,1,United,21,United Healthcare - HMO Plus,"INSERT INTO InsurancePlans (PlanID, InsuranceTypeID, CarrierName, CarrierID, PlanName) VALUES ('249', '1', 'United', '21', 'United Healthcare - HMO Plus');"
250,1,United,21,United Healthcare – HMO Plus,"INSERT INTO InsurancePlans (PlanID, InsuranceTypeID, CarrierName, CarrierID, PlanName) VALUES ('250', '1', 'United', '21', 'United Healthcare – HMO Plus');"
251,1,United,21,United Healthcare - HMO Plus (Patients must have a referral for services),"INSERT INTO InsurancePlans (PlanID, InsuranceTypeID, CarrierName, CarrierID, PlanName) VALUES ('251', '1', 'United', '21', 'United Healthcare - HMO Plus (Patients must have a referral for services)');"
252,1,United,21,United Healthcare - HMO (Patients must have a referral for services),"INSERT INTO InsurancePlans (PlanID, InsuranceTypeID, CarrierName, CarrierID, PlanName) VALUES ('252', '1', 'United', '21', 'United Healthcare - HMO (Patients must have a referral for services)');"
253,1,United,21,United Healthcare - Navigate,"INSERT INTO InsurancePlans (PlanID, InsuranceTypeID, CarrierName, CarrierID, PlanName) VALUES ('253', '1', 'United', '21', 'United Healthcare - Navigate');"
254,1,United,21,United Healthcare – Navigate,"INSERT INTO InsurancePlans (PlanID, InsuranceTypeID, CarrierName, CarrierID, PlanName) VALUES ('254', '1', 'United', '21', 'United Healthcare – Navigate');"
255,1,United,21,United Healthcare – Open Access,"INSERT INTO InsurancePlans (PlanID, InsuranceTypeID, CarrierName, CarrierID, PlanName) VALUES ('255', '1', 'United', '21', 'United Healthcare – Open Access');"
256,1,United,21,United Healthcare - Open Access (Patients must have a referral for services),"INSERT INTO InsurancePlans (PlanID, InsuranceTypeID, CarrierName, CarrierID, PlanName) VALUES ('256', '1', 'United', '21', 'United Healthcare - Open Access (Patients must have a referral for services)');"
257,1,United,21,United Healthcare - Options PPO,"INSERT INTO InsurancePlans (PlanID, InsuranceTypeID, CarrierName, CarrierID, PlanName) VALUES ('257', '1', 'United', '21', 'United Healthcare - Options PPO');"
258,1,United,21,United Healthcare – Options PPO,"INSERT INTO InsurancePlans (PlanID, InsuranceTypeID, CarrierName, CarrierID, PlanName) VALUES ('258', '1', 'United', '21', 'United Healthcare – Options PPO');"
259,1,United,21,United Healthcare - Select,"INSERT INTO InsurancePlans (PlanID, InsuranceTypeID, CarrierName, CarrierID, PlanName) VALUES ('259', '1', 'United', '21', 'United Healthcare - Select');"
260,1,United,21,United Healthcare – Select,"INSERT INTO InsurancePlans (PlanID, InsuranceTypeID, CarrierName, CarrierID, PlanName) VALUES ('260', '1', 'United', '21', 'United Healthcare – Select');"
261,1,United,21,United Healthcare - Select Plus,"INSERT INTO InsurancePlans (PlanID, InsuranceTypeID, CarrierName, CarrierID, PlanName) VALUES ('261', '1', 'United', '21', 'United Healthcare - Select Plus');"
262,1,United,21,United Healthcare – Select Plus,"INSERT INTO InsurancePlans (PlanID, InsuranceTypeID, CarrierName, CarrierID, PlanName) VALUES ('262', '1', 'United', '21', 'United Healthcare – Select Plus');"
263,1,United,21,United Healthcare AARP Medicare Advantage Walgreens (PPO),"INSERT INTO InsurancePlans (PlanID, InsuranceTypeID, CarrierName, CarrierID, PlanName) VALUES ('263', '1', 'United', '21', 'United Healthcare AARP Medicare Advantage Walgreens (PPO)');"
264,1,United,21,United HealthCare AARP® Medicare Advantage Choice (PPO),"INSERT INTO InsurancePlans (PlanID, InsuranceTypeID, CarrierName, CarrierID, PlanName) VALUES ('264', '1', 'United', '21', 'United HealthCare AARP® Medicare Advantage Choice (PPO)');"
265,1,United,21,United HealthCare AARP® Medicare Advantage from UHC IL-0001,"INSERT INTO InsurancePlans (PlanID, InsuranceTypeID, CarrierName, CarrierID, PlanName) VALUES ('265', '1', 'United', '21', 'United HealthCare AARP® Medicare Advantage from UHC IL-0001');"
266,1,United,21,United HealthCare AARP® Medicare Advantage from UHC IL-0002,"INSERT INTO InsurancePlans (PlanID, InsuranceTypeID, CarrierName, CarrierID, PlanName) VALUES ('266', '1', 'United', '21', 'United HealthCare AARP® Medicare Advantage from UHC IL-0002');"
267,1,United,21,United HealthCare AARP® Medicare Advantage from UHC IL-0003,"INSERT INTO InsurancePlans (PlanID, InsuranceTypeID, CarrierName, CarrierID, PlanName) VALUES ('267', '1', 'United', '21', 'United HealthCare AARP® Medicare Advantage from UHC IL-0003');"
268,1,United,21,United HealthCare AARP® Medicare Advantage from UHC IL-0004,"INSERT INTO InsurancePlans (PlanID, InsuranceTypeID, CarrierName, CarrierID, PlanName) VALUES ('268', '1', 'United', '21', 'United HealthCare AARP® Medicare Advantage from UHC IL-0004');"
269,1,United,21,United HealthCare AARP® Medicare Advantage from UHC IL-001P,"INSERT INTO InsurancePlans (PlanID, InsuranceTypeID, CarrierName, CarrierID, PlanName) VALUES ('269', '1', 'United', '21', 'United HealthCare AARP® Medicare Advantage from UHC IL-001P');"
270,1,United,21,United HealthCare AARP® Medicare Advantage Patriot (PPO),"INSERT INTO InsurancePlans (PlanID, InsuranceTypeID, CarrierName, CarrierID, PlanName) VALUES ('270', '1', 'United', '21', 'United HealthCare AARP® Medicare Advantage Patriot (PPO)');"
271,1,United,21,United HealthCare AARP® Medicare Advantage Patriot No Rx IL-MA01,"INSERT INTO InsurancePlans (PlanID, InsuranceTypeID, CarrierName, CarrierID, PlanName) VALUES ('271', '1', 'United', '21', 'United HealthCare AARP® Medicare Advantage Patriot No Rx IL-MA01');"
272,1,United,21,United HealthCare AARP® Medicare Advantage Plan 1 (HMO),"INSERT INTO InsurancePlans (PlanID, InsuranceTypeID, CarrierName, CarrierID, PlanName) VALUES ('272', '1', 'United', '21', 'United HealthCare AARP® Medicare Advantage Plan 1 (HMO)');"
273,1,United,21,United HealthCare AARP® Medicare Advantage Plan 2 (HMO),"INSERT INTO InsurancePlans (PlanID, InsuranceTypeID, CarrierName, CarrierID, PlanName) VALUES ('273', '1', 'United', '21', 'United HealthCare AARP® Medicare Advantage Plan 2 (HMO)');"
274,1,United,21,United HealthCare AARP® Medicare Advantage Walgreens (PPO),"INSERT INTO InsurancePlans (PlanID, InsuranceTypeID, CarrierName, CarrierID, PlanName) VALUES ('274', '1', 'United', '21', 'United HealthCare AARP® Medicare Advantage Walgreens (PPO)');"
275,1,United,21,United HealthCare AARP® Medicare Advantage Walgreens from UHC IL-0005,"INSERT INTO InsurancePlans (PlanID, InsuranceTypeID, CarrierName, CarrierID, PlanName) VALUES ('275', '1', 'United', '21', 'United HealthCare AARP® Medicare Advantage Walgreens from UHC IL-0005');"
276,1,United,21,United HealthCare AARP® Medicare Advantage Walgreens from UHC IL-0006,"INSERT INTO InsurancePlans (PlanID, InsuranceTypeID, CarrierName, CarrierID, PlanName) VALUES ('276', '1', 'United', '21', 'United HealthCare AARP® Medicare Advantage Walgreens from UHC IL-0006');"
277,1,United,21,United HealthCare AARP® Medicare Advantage Walgreens (PPO),"INSERT INTO InsurancePlans (PlanID, InsuranceTypeID, CarrierName, CarrierID, PlanName) VALUES ('277', '1', 'United', '21', 'United HealthCare AARP® Medicare Advantage Walgreens (PPO)');"
278,1,United,21,United Healthcare Affiliates - Participate through UHC PPO,"INSERT INTO InsurancePlans (PlanID, InsuranceTypeID, CarrierName, CarrierID, PlanName) VALUES ('278', '1', 'United', '21', 'United Healthcare Affiliates - Participate through UHC PPO');"
279,1,United,21,United Healthcare Affiliates – Participate through UHC PPO,"INSERT INTO InsurancePlans (PlanID, InsuranceTypeID, CarrierName, CarrierID, PlanName) VALUES ('279', '1', 'United', '21', 'United Healthcare Affiliates – Participate through UHC PPO');"
280,1,United,21,United HealthCare Chronic Complete Assure (PPO C-SNP),"INSERT INTO InsurancePlans (PlanID, InsuranceTypeID, CarrierName, CarrierID, PlanName) VALUES ('280', '1', 'United', '21', 'United HealthCare Chronic Complete Assure (PPO C-SNP)');"
281,1,United,21,United HealthCare Medicare Advantage PPO,"INSERT INTO InsurancePlans (PlanID, InsuranceTypeID, CarrierName, CarrierID, PlanName) VALUES ('281', '1', 'United', '21', 'United HealthCare Medicare Advantage PPO');"
282,1,United,21,United HealthCare Medicare Complete Access,"INSERT INTO InsurancePlans (PlanID, InsuranceTypeID, CarrierName, CarrierID, PlanName) VALUES ('282', '1', 'United', '21', 'United HealthCare Medicare Complete Access');"
283,1,United,21,United HealthCare Medicare Complete Access ,"INSERT INTO InsurancePlans (PlanID, InsuranceTypeID, CarrierName, CarrierID, PlanName) VALUES ('283', '1', 'United', '21', 'United HealthCare Medicare Complete Access ');"
284,1,United,21,United HealthCare Nursing Home Plan IL-F002,"INSERT INTO InsurancePlans (PlanID, InsuranceTypeID, CarrierName, CarrierID, PlanName) VALUES ('284', '1', 'United', '21', 'United HealthCare Nursing Home Plan IL-F002');"
285,1,United,21,United HealthCare UHC Complete Care IL-001A,"INSERT INTO InsurancePlans (PlanID, InsuranceTypeID, CarrierName, CarrierID, PlanName) VALUES ('285', '1', 'United', '21', 'United HealthCare UHC Complete Care IL-001A');"
286,1,United,21,United HealthCare AARP® Medicare Advantage Walgreens (PPO),"INSERT INTO InsurancePlans (PlanID, InsuranceTypeID, CarrierName, CarrierID, PlanName) VALUES ('286', '1', 'United', '21', 'United HealthCare AARP® Medicare Advantage Walgreens (PPO)');"
287,1,United,21,UnitedHealthcare Nursing Home Plan 1 (HMO/POS-SNP),"INSERT INTO InsurancePlans (PlanID, InsuranceTypeID, CarrierName, CarrierID, PlanName) VALUES ('287', '1', 'United', '21', 'UnitedHealthcare Nursing Home Plan 1 (HMO/POS-SNP)');"
288,1,United,21,UnitedHealthcare Nursing Home Plan 2 (PPO-SNP),"INSERT INTO InsurancePlans (PlanID, InsuranceTypeID, CarrierName, CarrierID, PlanName) VALUES ('288', '1', 'United', '21', 'UnitedHealthcare Nursing Home Plan 2 (PPO-SNP)');"
289,3,VA,19,Veteran Affairs Community Care Network administered by Optum,"INSERT INTO InsurancePlans (PlanID, InsuranceTypeID, CarrierName, CarrierID, PlanName) VALUES ('289', '3', 'VA', '19', 'Veteran Affairs Community Care Network administered by Optum');"
290,1,WellCare,26,WellCare Edge (HMO),"INSERT INTO InsurancePlans (PlanID, InsuranceTypeID, CarrierName, CarrierID, PlanName) VALUES ('290', '1', 'WellCare', '26', 'WellCare Edge (HMO)');"
291,1,WellCare,26,WellCare Essential (HMO),"INSERT INTO InsurancePlans (PlanID, InsuranceTypeID, CarrierName, CarrierID, PlanName) VALUES ('291', '1', 'WellCare', '26', 'WellCare Essential (HMO)');"
292,1,WellCare,26,WellCare Essential (HMO-POS),"INSERT INTO InsurancePlans (PlanID, InsuranceTypeID, CarrierName, CarrierID, PlanName) VALUES ('292', '1', 'WellCare', '26', 'WellCare Essential (HMO-POS)');"
293,1,WellCare,26,WellCare Exclusive (HMO),"INSERT INTO InsurancePlans (PlanID, InsuranceTypeID, CarrierName, CarrierID, PlanName) VALUES ('293', '1', 'WellCare', '26', 'WellCare Exclusive (HMO)');"
294,1,WellCare,26,WellCare Exclusive (HMO-POS),"INSERT INTO InsurancePlans (PlanID, InsuranceTypeID, CarrierName, CarrierID, PlanName) VALUES ('294', '1', 'WellCare', '26', 'WellCare Exclusive (HMO-POS)');"
295,1,Medicaid,18,YouthCare IL,"INSERT INTO InsurancePlans (PlanID, InsuranceTypeID, CarrierName, CarrierID, PlanName) VALUES ('295', '1', 'Medicaid', '18', 'YouthCare IL');"
296,1,Zing,23,Zing Choice (HMO),"INSERT INTO InsurancePlans (PlanID, InsuranceTypeID, CarrierName, CarrierID, PlanName) VALUES ('296', '1', 'Zing', '23', 'Zing Choice (HMO)');"
297,1,Zing,23,Zing Choice Diabetes & Heart Complete (PPO C-SNP),"INSERT INTO InsurancePlans (PlanID, InsuranceTypeID, CarrierName, CarrierID, PlanName) VALUES ('297', '1', 'Zing', '23', 'Zing Choice Diabetes & Heart Complete (PPO C-SNP)');"
298,1,Zing,23,Zing Complete Open Choice (PPO D-SNP),"INSERT INTO InsurancePlans (PlanID, InsuranceTypeID, CarrierName, CarrierID, PlanName) VALUES ('298', '1', 'Zing', '23', 'Zing Complete Open Choice (PPO D-SNP)');"
299,1,Zing,23,Zing Complete Plus (HMO D-SNP),"INSERT INTO InsurancePlans (PlanID, InsuranceTypeID, CarrierName, CarrierID, PlanName) VALUES ('299', '1', 'Zing', '23', 'Zing Complete Plus (HMO D-SNP)');"
300,1,Zing,23,Zing Complete Select (HMO D-SNP),"INSERT INTO InsurancePlans (PlanID, InsuranceTypeID, CarrierName, CarrierID, PlanName) VALUES ('300', '1', 'Zing', '23', 'Zing Complete Select (HMO D-SNP)');"
301,1,Zing,23,Zing Elite Diabetes & Heart (HMO C-SNP),"INSERT INTO InsurancePlans (PlanID, InsuranceTypeID, CarrierName, CarrierID, PlanName) VALUES ('301', '1', 'Zing', '23', 'Zing Elite Diabetes & Heart (HMO C-SNP)');"
302,1,Zing,23,Zing Elite Select (HMO),"INSERT INTO InsurancePlans (PlanID, InsuranceTypeID, CarrierName, CarrierID, PlanName) VALUES ('302', '1', 'Zing', '23', 'Zing Elite Select (HMO)');"
303,1,Zing,23,Zing ESRD Select (HMO C-SNP),"INSERT INTO InsurancePlans (PlanID, InsuranceTypeID, CarrierName, CarrierID, PlanName) VALUES ('303', '1', 'Zing', '23', 'Zing ESRD Select (HMO C-SNP)');"
304,1,Zing,23,Zing Essential Wellness Diabetes & Heart (HMO C-SNP),"INSERT INTO InsurancePlans (PlanID, InsuranceTypeID, CarrierName, CarrierID, PlanName) VALUES ('304', '1', 'Zing', '23', 'Zing Essential Wellness Diabetes & Heart (HMO C-SNP)');"
305,1,Zing,23,Zing Health,"INSERT INTO InsurancePlans (PlanID, InsuranceTypeID, CarrierName, CarrierID, PlanName) VALUES ('305', '1', 'Zing', '23', 'Zing Health');"
306,1,Zing,23,Zing Open Choice (PPO),"INSERT INTO InsurancePlans (PlanID, InsuranceTypeID, CarrierName, CarrierID, PlanName) VALUES ('306', '1', 'Zing', '23', 'Zing Open Choice (PPO)');"
307,1,Zing,23,Zing Open Choice Diabetes & Heart (PPO C-SNP),"INSERT INTO InsurancePlans (PlanID, InsuranceTypeID, CarrierName, CarrierID, PlanName) VALUES ('307', '1', 'Zing', '23', 'Zing Open Choice Diabetes & Heart (PPO C-SNP)');"
308,1,Zing,23,Zing Select Care (HMO),"INSERT INTO InsurancePlans (PlanID, InsuranceTypeID, CarrierName, CarrierID, PlanName) VALUES ('308', '1', 'Zing', '23', 'Zing Select Care (HMO)');"
309,1,Zing,23,Zing Select Diabetes & Heart (HMO C-SNP),"INSERT INTO InsurancePlans (PlanID, InsuranceTypeID, CarrierName, CarrierID, PlanName) VALUES ('309', '1', 'Zing', '23', 'Zing Select Diabetes & Heart (HMO C-SNP)');"
310,1,Zing,23,Zing Select Diabetes & Heart Complete (HMO C-SNP),"INSERT INTO InsurancePlans (PlanID, InsuranceTypeID, CarrierName, CarrierID, PlanName) VALUES ('310', '1', 'Zing', '23', 'Zing Select Diabetes & Heart Complete (HMO C-SNP)');"
